"DateTime","ARIMA","UCM","ML"
2016-12-01,0.0058361205787994,0.00609566760080211,0.00646
2016-12-01 01:00:00,0.00440375881466043,0.00443494576801922,0.00436
2016-12-01 02:00:00,0.00521171319614246,0.00503443763927377,0.00498
2016-12-01 03:00:00,0.0117597739700724,0.0113922907257627,0.01066
2016-12-01 04:00:00,0.0304134538316356,0.0284608880639065,0.02972
2016-12-01 05:00:00,0.0682221029117712,0.0493977174477099,0.07338
2016-12-01 06:00:00,0.0874081638222102,0.0733367674818486,0.10144
2016-12-01 07:00:00,0.100348733554497,0.0869775261359668,0.1666
2016-12-01 08:00:00,0.080744278799603,0.0881230799313583,0.1061
2016-12-01 09:00:00,0.0958814226301199,0.0943374729114057,0.11664
2016-12-01 10:00:00,0.0630432540519874,0.0609863309391224,0.06872
2016-12-01 11:00:00,0.0528954446611343,0.0530907280918269,0.05338
2016-12-01 12:00:00,0.0507785060565123,0.050129969687658,0.05074
2016-12-01 13:00:00,0.0534996224553115,0.0534455057642987,0.05412
2016-12-01 14:00:00,0.0478513180268503,0.0482044644042176,0.04894
2016-12-01 15:00:00,0.0391516532714355,0.039490446982658,0.0404
2016-12-01 16:00:00,0.0368191855756068,0.0368523840349081,0.0364
2016-12-01 17:00:00,0.0363057826127834,0.0357698937642135,0.03724
2016-12-01 18:00:00,0.0304261947514161,0.0294846731078073,0.03036
2016-12-01 19:00:00,0.0248789970093809,0.0247263652864219,0.02558
2016-12-01 20:00:00,0.0234602577099308,0.022620678234271,0.02208
2016-12-01 21:00:00,0.0221908606888377,0.0220961312977842,0.0202
2016-12-01 22:00:00,0.0163108246132143,0.0164485293011562,0.0147
2016-12-01 23:00:00,0.0106730123514483,0.0108409324043459,0.00958
2016-12-02,0.00645498687600098,0.00668891240074088,0.00646
2016-12-02 01:00:00,0.00495201322594947,0.00494079785414541,0.00436
2016-12-02 02:00:00,0.00594632088152516,0.00570166107390915,0.00498
2016-12-02 03:00:00,0.012042607429155,0.0116939136738939,0.01066
2016-12-02 04:00:00,0.0293219850903485,0.0277386604569973,0.02972
2016-12-02 05:00:00,0.0669652361030863,0.0488322336416165,0.07338
2016-12-02 06:00:00,0.0797470854919726,0.0666278112088518,0.10144
2016-12-02 07:00:00,0.0804217130950923,0.0740948720814393,0.1666
2016-12-02 08:00:00,0.0720814414895301,0.074186318337729,0.1061
2016-12-02 09:00:00,0.0813198000250775,0.0763109570546961,0.11664
2016-12-02 10:00:00,0.060324283007525,0.0589695417560078,0.06872
2016-12-02 11:00:00,0.0556450401263425,0.0562464129830826,0.05338
2016-12-02 12:00:00,0.0536479411190847,0.0531197877632788,0.05074
2016-12-02 13:00:00,0.0563447551343738,0.0566359686518521,0.05412
2016-12-02 14:00:00,0.0486737745372876,0.0493680417191696,0.04894
2016-12-02 15:00:00,0.0417695334738727,0.0418230332931108,0.0404
2016-12-02 16:00:00,0.0388933669063724,0.0392341684490037,0.0364
2016-12-02 17:00:00,0.0411024242550335,0.0404642551647479,0.03724
2016-12-02 18:00:00,0.0373279265793999,0.0357720145968211,0.03036
2016-12-02 19:00:00,0.0330067163778155,0.0325868889209459,0.02558
2016-12-02 20:00:00,0.0275702879037146,0.0273117443582529,0.02208
2016-12-02 21:00:00,0.0259258890464454,0.0256964173810032,0.0202
2016-12-02 22:00:00,0.0215441468740676,0.0217129756522529,0.0147
2016-12-02 23:00:00,0.0142580919904434,0.0146736641244264,0.00958
2016-12-03,0.00933340745975703,0.00975709787267721,0.00646
2016-12-03 01:00:00,0.00636167431286527,0.00620597120037181,0.00436
2016-12-03 02:00:00,0.00528057826723561,0.00505024368234695,0.00498
2016-12-03 03:00:00,0.00738007511486586,0.00720239925058927,0.01066
2016-12-03 04:00:00,0.0126454159254456,0.0121058727974152,0.02972
2016-12-03 05:00:00,0.0245133930386532,0.0198155038331835,0.07338
2016-12-03 06:00:00,0.027553148251606,0.0225736267400197,0.10144
2016-12-03 07:00:00,0.0316685363578493,0.0293961045820749,0.1666
2016-12-03 08:00:00,0.040846932358996,0.0422631146188616,0.1061
2016-12-03 09:00:00,0.0481479409486643,0.0473712111032082,0.11664
2016-12-03 10:00:00,0.044759240504069,0.0448718025469321,0.06872
2016-12-03 11:00:00,0.0496898163610111,0.0500130885566159,0.05338
2016-12-03 12:00:00,0.0508708491731063,0.0503862251493368,0.05074
2016-12-03 13:00:00,0.0499601775703706,0.050330377389897,0.05412
2016-12-03 14:00:00,0.0490377214405073,0.0494103588043962,0.04894
2016-12-03 15:00:00,0.0451821566446385,0.0476220569814444,0.0404
2016-12-03 16:00:00,0.0458404130236681,0.0476548281931742,0.0364
2016-12-03 17:00:00,0.0463756822182237,0.0467201541329432,0.03724
2016-12-03 18:00:00,0.0409273294087599,0.0399056251785551,0.03036
2016-12-03 19:00:00,0.0327633941148125,0.032828020475301,0.02558
2016-12-03 20:00:00,0.0272778008132673,0.0276945651363125,0.02208
2016-12-03 21:00:00,0.0261770868026963,0.0270889827744448,0.0202
2016-12-03 22:00:00,0.0237333317647783,0.0237861752639336,0.0147
2016-12-03 23:00:00,0.0158299063739809,0.0163474394605911,0.00958
2016-12-04,0.0102760061334448,0.0106781051983301,0.00646
2016-12-04 01:00:00,0.00678738208719391,0.00652003775808981,0.00436
2016-12-04 02:00:00,0.00484523202714316,0.00456585342693665,0.00498
2016-12-04 03:00:00,0.00512113556880152,0.00501579281903169,0.01066
2016-12-04 04:00:00,0.00754480010845545,0.00723336555512517,0.02972
2016-12-04 05:00:00,0.0136490197537539,0.0115265698829245,0.07338
2016-12-04 06:00:00,0.0149981054503348,0.0121292989087546,0.10144
2016-12-04 07:00:00,0.0178703386066513,0.0163514271199233,0.1666
2016-12-04 08:00:00,0.0265447933865219,0.0265090236389769,0.1061
2016-12-04 09:00:00,0.0406538846369355,0.0398108536313575,0.11664
2016-12-04 10:00:00,0.0414802834554178,0.0394855924834211,0.06872
2016-12-04 11:00:00,0.0442901317756669,0.044385249428848,0.05338
2016-12-04 12:00:00,0.0448727488639339,0.0440071718107218,0.05074
2016-12-04 13:00:00,0.0462368963761579,0.0452974413628579,0.05412
2016-12-04 14:00:00,0.0473440867584361,0.0461879175163209,0.04894
2016-12-04 15:00:00,0.046866888812976,0.043783750082403,0.0404
2016-12-04 16:00:00,0.0468436668676955,0.0456604397985909,0.0364
2016-12-04 17:00:00,0.0479782219616307,0.0472948719646523,0.03724
2016-12-04 18:00:00,0.0406389127181946,0.0389666384600341,0.03036
2016-12-04 19:00:00,0.0343273359535994,0.0344276393241834,0.02558
2016-12-04 20:00:00,0.029572511302074,0.030063638987292,0.02208
2016-12-04 21:00:00,0.0258523115270423,0.0258867399463685,0.0202
2016-12-04 22:00:00,0.0195139506158183,0.0196535964900383,0.0147
2016-12-04 23:00:00,0.0121489157842007,0.0125051736897162,0.00958
2016-12-05,0.00757275675281061,0.00778615477524808,0.00646
2016-12-05 01:00:00,0.00530771520972142,0.00516052149582262,0.00436
2016-12-05 02:00:00,0.00526496141093181,0.00490889757389769,0.00498
2016-12-05 03:00:00,0.0106188901323136,0.0103602656182022,0.01066
2016-12-05 04:00:00,0.0272720402844056,0.0260884372375267,0.02972
2016-12-05 05:00:00,0.0642762312519757,0.0473741419320631,0.07338
2016-12-05 06:00:00,0.0825975136544456,0.0686071450297841,0.10144
2016-12-05 07:00:00,0.0929943047707587,0.0841123604133777,0.1666
2016-12-05 08:00:00,0.081589926621387,0.0817221084638758,0.1061
2016-12-05 09:00:00,0.0887128128112219,0.0858209806425308,0.11664
2016-12-05 10:00:00,0.0583677140948767,0.056350565823762,0.06872
2016-12-05 11:00:00,0.0499136248371777,0.0499109598927332,0.05338
2016-12-05 12:00:00,0.0487757436185201,0.0484164482354013,0.05074
2016-12-05 13:00:00,0.0497859093724487,0.0503143924197469,0.05412
2016-12-05 14:00:00,0.0458918332881523,0.0462352176497789,0.04894
2016-12-05 15:00:00,0.0389715061445444,0.0401266302471975,0.0404
2016-12-05 16:00:00,0.0372368844471902,0.0367937874476388,0.0364
2016-12-05 17:00:00,0.0366349704400713,0.0361022865965863,0.03724
2016-12-05 18:00:00,0.029700737341467,0.0288943872185111,0.03036
2016-12-05 19:00:00,0.0245498419180399,0.0245063429055057,0.02558
2016-12-05 20:00:00,0.020957057366134,0.0210217334217288,0.02208
2016-12-05 21:00:00,0.020122158887236,0.0204657416171308,0.0202
2016-12-05 22:00:00,0.0148729340678108,0.0149458657055436,0.0147
2016-12-05 23:00:00,0.00931213445374388,0.00953121217965924,0.00958
2016-12-06,0.00577491439141911,0.00591593774037919,0.00646
2016-12-06 01:00:00,0.00431144930428195,0.00422212356038672,0.00436
2016-12-06 02:00:00,0.00540332360293659,0.00491630474477033,0.00498
2016-12-06 03:00:00,0.0113961388319739,0.0111185385614839,0.01066
2016-12-06 04:00:00,0.030655341282943,0.0294648835659239,0.02972
2016-12-06 05:00:00,0.0744197683323404,0.053941977623944,0.07338
2016-12-06 06:00:00,0.0973867864225072,0.0807962667997473,0.10144
2016-12-06 07:00:00,0.120987278987942,0.100214611447601,0.1666
2016-12-06 08:00:00,0.0830474850471539,0.0782446714360718,0.1061
2016-12-06 09:00:00,0.0891543957077314,0.0867023157931101,0.11664
2016-12-06 10:00:00,0.0714111193985737,0.0710019786846329,0.06872
2016-12-06 11:00:00,0.0518103534365226,0.0519084328080763,0.05338
2016-12-06 12:00:00,0.0491870259967124,0.048691512483867,0.05074
2016-12-06 13:00:00,0.0508462175171794,0.0503880664889767,0.05412
2016-12-06 14:00:00,0.0451872794415617,0.0455052652572238,0.04894
2016-12-06 15:00:00,0.0380311225036811,0.038329943256905,0.0404
2016-12-06 16:00:00,0.0352718914668522,0.0354009094326144,0.0364
2016-12-06 17:00:00,0.0362720212303821,0.0358498763002775,0.03724
2016-12-06 18:00:00,0.0299739533236505,0.0290070000420588,0.03036
2016-12-06 19:00:00,0.0243866691666238,0.0241808654111523,0.02558
2016-12-06 20:00:00,0.0208301139483326,0.020669398246759,0.02208
2016-12-06 21:00:00,0.0200861368456171,0.0201964043287803,0.0202
2016-12-06 22:00:00,0.0148126730847474,0.0149308864252536,0.0147
2016-12-06 23:00:00,0.00931991712008173,0.00957377550714655,0.00958
2016-12-07,0.00594306758024736,0.00609740888878957,0.00646
2016-12-07 01:00:00,0.00432920210721183,0.00421353874027596,0.00436
2016-12-07 02:00:00,0.00544634582978204,0.00495781442301602,0.00498
2016-12-07 03:00:00,0.0111309245463645,0.010857279065673,0.01066
2016-12-07 04:00:00,0.030378526302046,0.0292041901774184,0.02972
2016-12-07 05:00:00,0.0743693607550749,0.0540729163551194,0.07338
2016-12-07 06:00:00,0.0967280865583863,0.0802334732309851,0.10144
2016-12-07 07:00:00,0.11556851704129,0.0987777062875727,0.1666
2016-12-07 08:00:00,0.0739344602091348,0.0763645752011941,0.1061
2016-12-07 09:00:00,0.101113536063332,0.0979673073745015,0.11664
2016-12-07 10:00:00,0.069898669439271,0.0622087357429466,0.06872
2016-12-07 11:00:00,0.0523727408367146,0.052488989146202,0.05338
2016-12-07 12:00:00,0.0506153885303517,0.0499657311693462,0.05074
2016-12-07 13:00:00,0.0516401523508031,0.0515324815409319,0.05412
2016-12-07 14:00:00,0.0457580437037452,0.0463464563579347,0.04894
2016-12-07 15:00:00,0.0390551364402375,0.0393524427723634,0.0404
2016-12-07 16:00:00,0.0357535977893979,0.0359939909215681,0.0364
2016-12-07 17:00:00,0.0368900135640167,0.0364391736394158,0.03724
2016-12-07 18:00:00,0.0310188840979226,0.0298867807173058,0.03036
2016-12-07 19:00:00,0.025059083634709,0.0248385673569378,0.02558
2016-12-07 20:00:00,0.0223098550536889,0.0216443682574078,0.02208
2016-12-07 21:00:00,0.0209604743394949,0.0212275842980349,0.0202
2016-12-07 22:00:00,0.0154579415551776,0.0155425901092372,0.0147
2016-12-07 23:00:00,0.00962525646061621,0.00987501304628864,0.00958
2016-12-08,0.00589092361445332,0.00607134221734448,0.0068
2016-12-08 01:00:00,0.00446230498962454,0.00434744887987225,0.00458
2016-12-08 02:00:00,0.0054967459578405,0.00495144315431955,0.00502
2016-12-08 03:00:00,0.0115687958675828,0.0112732574393271,0.00992
2016-12-08 04:00:00,0.0295641005155214,0.0286400356009016,0.025
2016-12-08 05:00:00,0.0679050386807751,0.0498640280225271,0.0613
2016-12-08 06:00:00,0.0878158410047019,0.0728780466072265,0.08132
2016-12-08 07:00:00,0.0935411995480429,0.084917537152324,0.10848
2016-12-08 08:00:00,0.077605854186801,0.08795297528485,0.0797
2016-12-08 09:00:00,0.0969000218317451,0.0942237002829868,0.0798
2016-12-08 10:00:00,0.0628112117443721,0.0607384316599016,0.06712
2016-12-08 11:00:00,0.0530295855807839,0.0531842658188618,0.05608
2016-12-08 12:00:00,0.0505174566185741,0.0500614971928388,0.05002
2016-12-08 13:00:00,0.053488043783256,0.0533261776763311,0.05404
2016-12-08 14:00:00,0.0474742354855535,0.0483574341776993,0.04916
2016-12-08 15:00:00,0.0388620256091187,0.0393577741552674,0.04192
2016-12-08 16:00:00,0.036635763465257,0.0368496918264341,0.03966
2016-12-08 17:00:00,0.0362620195550886,0.0357933161603532,0.03822
2016-12-08 18:00:00,0.0303844584619097,0.0293838237005259,0.0325
2016-12-08 19:00:00,0.0245308064036333,0.024370445449427,0.0274
2016-12-08 20:00:00,0.0232519697022051,0.0223784919657294,0.02342
2016-12-08 21:00:00,0.0220303203037274,0.022012284195343,0.02274
2016-12-08 22:00:00,0.0163760585316554,0.0163689640259851,0.01622
2016-12-08 23:00:00,0.0104783021245944,0.0107830673407566,0.01152
2016-12-09,0.00646141096611989,0.00665680866944857,0.0068
2016-12-09 01:00:00,0.00496893078912766,0.00483024262488405,0.00496
2016-12-09 02:00:00,0.00627504599250429,0.00559554442213166,0.00502
2016-12-09 03:00:00,0.0118805586683057,0.0115752743074224,0.00942
2016-12-09 04:00:00,0.0287536373460102,0.0279369846662701,0.025
2016-12-09 05:00:00,0.0668512873559046,0.049338350422935,0.0613
2016-12-09 06:00:00,0.080106128142701,0.0662662701081051,0.08132
2016-12-09 07:00:00,0.0799502471041943,0.0724837404856001,0.10848
2016-12-09 08:00:00,0.0730153739919527,0.0740891188822402,0.0797
2016-12-09 09:00:00,0.0783466058064818,0.0762178024054887,0.0798
2016-12-09 10:00:00,0.0602369735454191,0.0587578665161128,0.06422
2016-12-09 11:00:00,0.0561312928314337,0.0563373308029274,0.05552
2016-12-09 12:00:00,0.0536751711130248,0.0530631269659323,0.0501
2016-12-09 13:00:00,0.0566715311779495,0.0565283364432883,0.05416
2016-12-09 14:00:00,0.0484860724062328,0.0495239436529467,0.04916
2016-12-09 15:00:00,0.0417242816469194,0.0416876516425521,0.04192
2016-12-09 16:00:00,0.0388324096538205,0.0392301138922181,0.03966
2016-12-09 17:00:00,0.0410934418059763,0.0404861339341803,0.04198
2016-12-09 18:00:00,0.0373444733083403,0.035659519263444,0.037
2016-12-09 19:00:00,0.0325732272099779,0.0322340237979138,0.02992
2016-12-09 20:00:00,0.027320390295088,0.0270632999829742,0.02514
2016-12-09 21:00:00,0.0257445350230578,0.0255869446070582,0.02274
2016-12-09 22:00:00,0.0216282774473102,0.0215963412976366,0.01872
2016-12-09 23:00:00,0.0140074371763643,0.0145601050190948,0.01322
2016-12-10,0.00933402190208176,0.00968284546452851,0.00778
2016-12-10 01:00:00,0.00637383514160757,0.006029159748132,0.00546
2016-12-10 02:00:00,0.00548764931963424,0.00496693900633536,0.00518
2016-12-10 03:00:00,0.00730593453384085,0.00714108829909391,0.00846
2016-12-10 04:00:00,0.0124391926339465,0.0122002389984342,0.02082
2016-12-10 05:00:00,0.0245047625244432,0.0199715002150357,0.04978
2016-12-10 06:00:00,0.0276506479244391,0.0224619638326554,0.06552
2016-12-10 07:00:00,0.0317609924348338,0.0288727959133417,0.0815
2016-12-10 08:00:00,0.0409980110243936,0.042235338063654,0.06898
2016-12-10 09:00:00,0.0484548354297602,0.0473181511959072,0.07088
2016-12-10 10:00:00,0.0446433740385211,0.0447391385757134,0.06174
2016-12-10 11:00:00,0.0499519045266239,0.0501180926778355,0.05142
2016-12-10 12:00:00,0.0509054379859211,0.0503349777937921,0.04854
2016-12-10 13:00:00,0.0501630781200053,0.0502148567733259,0.05266
2016-12-10 14:00:00,0.0488861766113017,0.0495670786530094,0.04738
2016-12-10 15:00:00,0.0450389440464631,0.047474869566906,0.04252
2016-12-10 16:00:00,0.0457092847482548,0.0476484655469282,0.04026
2016-12-10 17:00:00,0.0463894729372585,0.0467403199607353,0.04208
2016-12-10 18:00:00,0.0408513939136641,0.0397903658158943,0.03688
2016-12-10 19:00:00,0.0323069323276081,0.0324909887687735,0.03012
2016-12-10 20:00:00,0.0269321117695787,0.0274557590990787,0.02598
2016-12-10 21:00:00,0.0259889416860887,0.0269685366600316,0.02386
2016-12-10 22:00:00,0.0236657119225564,0.0236507865501349,0.01922
2016-12-10 23:00:00,0.0156156400428318,0.0161948334280992,0.01346
2016-12-11,0.0102643563972999,0.0105818315190609,0.00778
2016-12-11 01:00:00,0.00677915132461068,0.00632150026611344,0.00546
2016-12-11 02:00:00,0.00497578061994797,0.00449779768775669,0.00518
2016-12-11 03:00:00,0.00508384901634027,0.00497883497547011,0.00846
2016-12-11 04:00:00,0.00744991135342331,0.00729482798544051,0.02082
2016-12-11 05:00:00,0.0136491682993166,0.0116057297055622,0.04978
2016-12-11 06:00:00,0.0150230607430732,0.0120787181961402,0.06552
2016-12-11 07:00:00,0.0178518070058467,0.0161029072609744,0.0815
2016-12-11 08:00:00,0.0265221226074984,0.0265043307161702,0.06898
2016-12-11 09:00:00,0.0406915609026553,0.0397658271781693,0.07088
2016-12-11 10:00:00,0.0413705461441098,0.0393884553018015,0.06174
2016-12-11 11:00:00,0.0442515261718316,0.0445064753724159,0.05142
2016-12-11 12:00:00,0.0448602471509657,0.0439583253975774,0.04854
2016-12-11 13:00:00,0.046196903678304,0.0451753507460932,0.05266
2016-12-11 14:00:00,0.0472178704958966,0.0463397605594429,0.04738
2016-12-11 15:00:00,0.0466801158957201,0.043651931775521,0.04252
2016-12-11 16:00:00,0.0467580148637695,0.0456527794746853,0.04026
2016-12-11 17:00:00,0.0479778524113674,0.0473134340528997,0.04208
2016-12-11 18:00:00,0.040587805362151,0.0388631838878564,0.03688
2016-12-11 19:00:00,0.0338754709332276,0.0341049660246036,0.03012
2016-12-11 20:00:00,0.0291826006199935,0.029828924811117,0.02598
2016-12-11 21:00:00,0.0256713894734324,0.0257750705337345,0.02386
2016-12-11 22:00:00,0.0194656631685828,0.0195431973353873,0.01922
2016-12-11 23:00:00,0.0120542449393662,0.0124055728668273,0.01346
2016-12-12,0.00756164258047595,0.00773082611450074,0.00634
2016-12-12 01:00:00,0.00529646561607479,0.00503307384377107,0.00428
2016-12-12 02:00:00,0.00538797783243563,0.00483052987418846,0.00496
2016-12-12 03:00:00,0.0105408696841041,0.010270948687519,0.01018
2016-12-12 04:00:00,0.0269922080236438,0.0263431097088777,0.02768
2016-12-12 05:00:00,0.0642932347631737,0.0479957961271447,0.07048
2016-12-12 06:00:00,0.0826740872991746,0.0684198439531793,0.1028
2016-12-12 07:00:00,0.0925858800642649,0.0826222792774808,0.16156
2016-12-12 08:00:00,0.0812228874369849,0.0817476295252733,0.08916
2016-12-12 09:00:00,0.0885467796399103,0.0856868672120953,0.08916
2016-12-12 10:00:00,0.0581980754457449,0.0562259987726724,0.07014
2016-12-12 11:00:00,0.0498448112368644,0.0500212512124916,0.05476
2016-12-12 12:00:00,0.0487450783217444,0.048381092190445,0.05074
2016-12-12 13:00:00,0.0496558504460505,0.0502102105310258,0.05502
2016-12-12 14:00:00,0.045771358447832,0.0463872815981568,0.05022
2016-12-12 15:00:00,0.0388129873706765,0.0400091434866581,0.0406
2016-12-12 16:00:00,0.0371762110188476,0.0367861701208553,0.03638
2016-12-12 17:00:00,0.0366372644396407,0.036119538518161,0.03736
2016-12-12 18:00:00,0.029659306779298,0.0288233172867516,0.03136
2016-12-12 19:00:00,0.0241215681072639,0.0242133876040658,0.02608
2016-12-12 20:00:00,0.0206201194457446,0.0208253617658455,0.0218
2016-12-12 21:00:00,0.0200045782360773,0.0203914167221232,0.02014
2016-12-12 22:00:00,0.0148262015839678,0.0148647338698949,0.01522
2016-12-12 23:00:00,0.00926803338178071,0.00946701622210579,0.01074
2016-12-13,0.00576737153988119,0.00588158481120941,0.0064
2016-12-13 01:00:00,0.00430300269414956,0.00413491934654346,0.00438
2016-12-13 02:00:00,0.00550567416328067,0.00483795766337021,0.00494
2016-12-13 03:00:00,0.0113257763076603,0.0110255508202569,0.01058
2016-12-13 04:00:00,0.0304041758404405,0.0297800280972516,0.02778
2016-12-13 05:00:00,0.0744493234862608,0.0547428476454783,0.07154
2016-12-13 06:00:00,0.0974636731176942,0.0806512322670647,0.10292
2016-12-13 07:00:00,0.12028936837349,0.0985499489105612,0.16654
2016-12-13 08:00:00,0.0826629457728614,0.0783127374550156,0.09112
2016-12-13 09:00:00,0.0892014964560148,0.086558386453234,0.08926
2016-12-13 10:00:00,0.0711912985409796,0.0708706755120618,0.07076
2016-12-13 11:00:00,0.0517914922334984,0.0520166950566003,0.05694
2016-12-13 12:00:00,0.0491535514460898,0.0486654342508336,0.05164
2016-12-13 13:00:00,0.0507046650670055,0.050289775287505,0.05652
2016-12-13 14:00:00,0.0450685210372666,0.0456559555563375,0.05038
2016-12-13 15:00:00,0.037877636172655,0.038221491996837,0.04138
2016-12-13 16:00:00,0.0352129044243215,0.0353922217784825,0.03612
2016-12-13 17:00:00,0.0362747163617828,0.0358651986027881,0.03804
2016-12-13 18:00:00,0.0299345107514457,0.0289426617351948,0.03286
2016-12-13 19:00:00,0.0239598098446948,0.0239043817449608,0.02788
2016-12-13 20:00:00,0.0205031063369913,0.0204841225901685,0.02368
2016-12-13 21:00:00,0.0199691411492233,0.0201234065626705,0.02176
2016-12-13 22:00:00,0.0147694444124003,0.0148469907185331,0.01726
2016-12-13 23:00:00,0.00928397203023528,0.00950408939761197,0.01178
2016-12-14,0.00593458329336377,0.00605839053447019,0.00634
2016-12-14 01:00:00,0.00432017249735288,0.00412521650958577,0.00464
2016-12-14 02:00:00,0.00552742729374194,0.00487845420600754,0.00506
2016-12-14 03:00:00,0.0110750066008325,0.0107718552730824,0.01058
2016-12-14 04:00:00,0.0301829897110865,0.0295426672046044,0.02758
2016-12-14 05:00:00,0.0744028074074309,0.0549314405474242,0.072
2016-12-14 06:00:00,0.096811949106438,0.0801621416791206,0.10278
2016-12-14 07:00:00,0.114890994537453,0.0972952654452015,0.16588
2016-12-14 08:00:00,0.0736155782967082,0.0764736061179906,0.0908
2016-12-14 09:00:00,0.101150739787638,0.0977887481451293,0.08778
2016-12-14 10:00:00,0.0696839746546696,0.0621259906312584,0.07036
2016-12-14 11:00:00,0.0523840808873591,0.0525980872456006,0.057
2016-12-14 12:00:00,0.0505841457466238,0.0499492474454063,0.05286
2016-12-14 13:00:00,0.0515196059767132,0.0514420245742321,0.05726
2016-12-14 14:00:00,0.0456388059149576,0.0464981389363869,0.05136
2016-12-14 15:00:00,0.0388982353421737,0.0392458782958449,0.04172
2016-12-14 16:00:00,0.0356947781631483,0.0359837654840217,0.0366
2016-12-14 17:00:00,0.0368921230152196,0.0364523807276688,0.0382
2016-12-14 18:00:00,0.0309776238896857,0.0298277818053326,0.03246
2016-12-14 19:00:00,0.0246302497304029,0.0245772579051479,0.02782
2016-12-14 20:00:00,0.0219767996710811,0.0214660792414458,0.0234
2016-12-14 21:00:00,0.0208342410787794,0.0211474721718533,0.02188
2016-12-14 22:00:00,0.0154109361093126,0.0154512723865317,0.01728
2016-12-14 23:00:00,0.0095925562917462,0.00979579057065798,0.01212
2016-12-15,0.00588233960118361,0.0060301195212518,0.00634
2016-12-15 01:00:00,0.00445240467242446,0.00425196147060548,0.00464
2016-12-15 02:00:00,0.0055616242857567,0.00487263365156282,0.00506
2016-12-15 03:00:00,0.011520532705513,0.011188768501235,0.01058
2016-12-15 04:00:00,0.0294153192320143,0.0289975589729394,0.02496
2016-12-15 05:00:00,0.0679360416138995,0.0506789992532701,0.06296
2016-12-15 06:00:00,0.0878974114151297,0.0728797946417813,0.09014
2016-12-15 07:00:00,0.0930144186130926,0.0838021981030993,0.1389
2016-12-15 08:00:00,0.0772788051962242,0.0881364846910695,0.08188
2016-12-15 09:00:00,0.0969177538343559,0.0940459806642057,0.07994
2016-12-15 10:00:00,0.0626225286639019,0.0606863325918851,0.07036
2016-12-15 11:00:00,0.0530416782766729,0.0532937985963504,0.057
2016-12-15 12:00:00,0.0504870672761202,0.0500540339481077,0.05286
2016-12-15 13:00:00,0.0533832463562929,0.05324426045873,0.05726
2016-12-15 14:00:00,0.0473527935108708,0.0485117289387459,0.05186
2016-12-15 15:00:00,0.0387057813165291,0.0392557559024744,0.0432
2016-12-15 16:00:00,0.0365760095009146,0.0368377607884196,0.03944
2016-12-15 17:00:00,0.0362642717868428,0.0358042990801493,0.0382
2016-12-15 18:00:00,0.0303441550885437,0.0293328014926113,0.03246
2016-12-15 19:00:00,0.0241028840446762,0.0241259667517551,0.02782
2016-12-15 20:00:00,0.0229126929073368,0.0222082765861584,0.0234
2016-12-15 21:00:00,0.0218926466990576,0.0219263782684359,0.02188
2016-12-15 22:00:00,0.0163265979246433,0.0162681432878494,0.01728
2016-12-15 23:00:00,0.0104439374552938,0.010683074588502,0.01212
2016-12-16,0.00645094599496961,0.00660421396108801,0.00708
2016-12-16 01:00:00,0.00495652236190043,0.00471083102681272,0.0053
2016-12-16 02:00:00,0.00634139997102854,0.0054956060174957,0.00524
2016-12-16 03:00:00,0.01183952673996,0.0114933360241191,0.00972
2016-12-16 04:00:00,0.0286408484072192,0.028310668582787,0.02496
2016-12-16 05:00:00,0.0668823069128344,0.0501892864229659,0.06296
2016-12-16 06:00:00,0.0801833458165996,0.0663296194522861,0.09014
2016-12-16 07:00:00,0.079514358980407,0.0716641179316649,0.1389
2016-12-16 08:00:00,0.0727152330149268,0.0742781056000795,0.08188
2016-12-16 09:00:00,0.078369328789133,0.0760781019256291,0.07994
2016-12-16 10:00:00,0.0600575995319705,0.0587350685264901,0.06876
2016-12-16 11:00:00,0.0561365278434415,0.0564423638950973,0.05634
2016-12-16 12:00:00,0.0536468087620512,0.0530646331487096,0.05336
2016-12-16 13:00:00,0.0565772843403843,0.0564562788086384,0.05752
2016-12-16 14:00:00,0.0483633273647998,0.0496791257194929,0.05186
2016-12-16 15:00:00,0.0415577163707209,0.0415851066445934,0.0432
2016-12-16 16:00:00,0.0387693823960265,0.0392158635800946,0.03944
2016-12-16 17:00:00,0.0410956565859934,0.0404946261696154,0.04162
2016-12-16 18:00:00,0.037295432980468,0.0356067001973981,0.03612
2016-12-16 19:00:00,0.0321292729877936,0.0319974376918456,0.02956
2016-12-16 20:00:00,0.0269597697287816,0.02689198269947,0.02506
2016-12-16 21:00:00,0.025563670089169,0.0254743834087538,0.02348
2016-12-16 22:00:00,0.0215578818513885,0.0214488049000358,0.01962
2016-12-16 23:00:00,0.013952109906196,0.0143717945634605,0.01392
2016-12-17,0.00931206700449667,0.00956547088256688,0.00826
2016-12-17 01:00:00,0.00635334903209742,0.00584151599889599,0.00588
2016-12-17 02:00:00,0.00552719494465058,0.00488847378296891,0.00534
2016-12-17 03:00:00,0.00728785330059661,0.00709995842736669,0.00876
2016-12-17 04:00:00,0.0124024661322075,0.0123695833808265,0.02124
2016-12-17 05:00:00,0.024512436663019,0.0202235322548317,0.051
2016-12-17 06:00:00,0.0276797838390707,0.0225082822404959,0.06942
2016-12-17 07:00:00,0.0316098587739533,0.0286258463992016,0.10478
2016-12-17 08:00:00,0.0408566402127402,0.0423465500196427,0.06996
2016-12-17 09:00:00,0.0484668107117362,0.0472414024377403,0.0704
2016-12-17 10:00:00,0.0445189351503589,0.0447423675192922,0.06414
2016-12-17 11:00:00,0.0499545297250968,0.0502377985430604,0.05564
2016-12-17 12:00:00,0.0508755214090665,0.0503456403975621,0.05332
2016-12-17 13:00:00,0.0500559755405684,0.0501396327214382,0.05586
2016-12-17 14:00:00,0.0487629186641315,0.0497210530256875,0.05152
2016-12-17 15:00:00,0.0448605396058536,0.0473651998687975,0.04362
2016-12-17 16:00:00,0.0456361849918364,0.047629468697583,0.04082
2016-12-17 17:00:00,0.0463916405085246,0.0467462261694658,0.04282
2016-12-17 18:00:00,0.0407980466443892,0.0397410797743526,0.03724
2016-12-17 19:00:00,0.0318634808819793,0.0322711148133689,0.0308
2016-12-17 20:00:00,0.0265732283508273,0.0272945786610286,0.02626
2016-12-17 21:00:00,0.0258050769636916,0.0268442526207176,0.02444
2016-12-17 22:00:00,0.0235872332469816,0.0234798946754787,0.02086
2016-12-17 23:00:00,0.0155510330176786,0.0159505088050223,0.01446
2016-12-18,0.0102377377432921,0.0104340301399106,0.00826
2016-12-18 01:00:00,0.00675593392511413,0.00611262167284691,0.00588
2016-12-18 02:00:00,0.00500108459283038,0.00443375545606543,0.00534
2016-12-18 03:00:00,0.00507450650323035,0.00495486075490316,0.00876
2016-12-18 04:00:00,0.00743331521552788,0.0074006193039214,0.02124
2016-12-18 05:00:00,0.0136525625879552,0.0117294865399533,0.051
2016-12-18 06:00:00,0.0150396473807671,0.012117876478307,0.06942
2016-12-18 07:00:00,0.0177736723273772,0.0159964779816625,0.10478
2016-12-18 08:00:00,0.0264419000459673,0.0265760881259711,0.06996
2016-12-18 09:00:00,0.0407007642721176,0.0397027951517587,0.0704
2016-12-18 10:00:00,0.0412571471938217,0.0394079975805057,0.06414
2016-12-18 11:00:00,0.0442548282947024,0.0446429437419802,0.05564
2016-12-18 12:00:00,0.0448262551249872,0.0439809908193304,0.05332
2016-12-18 13:00:00,0.0460794107949817,0.0450983276496186,0.05586
2016-12-18 14:00:00,0.0470967836894873,0.0464870376141856,0.05152
2016-12-18 15:00:00,0.0464958846787234,0.0435554753735232,0.04362
2016-12-18 16:00:00,0.0466834060965332,0.0456325559568391,0.04082
2016-12-18 17:00:00,0.047980018438091,0.0473167282305552,0.04282
2016-12-18 18:00:00,0.040534774241587,0.0388240008339087,0.03724
2016-12-18 19:00:00,0.0334293112202522,0.0339008264979172,0.0308
2016-12-18 20:00:00,0.0288133356986937,0.0296742162420114,0.02626
2016-12-18 21:00:00,0.0254914329232686,0.0256594276305082,0.02444
2016-12-18 22:00:00,0.0194041559901083,0.0194041577028667,0.02086
2016-12-18 23:00:00,0.0120161657626754,0.0122499732982807,0.01446
2016-12-19,0.00754716698733688,0.00764744104807099,0.00688
2016-12-19 01:00:00,0.00528227013716069,0.00489795484828036,0.00558
2016-12-19 02:00:00,0.00541098845527833,0.00475723788567017,0.00518
2016-12-19 03:00:00,0.0105212967417352,0.0102153351619298,0.01016
2016-12-19 04:00:00,0.0269445160364736,0.0267661887434206,0.02648
2016-12-19 05:00:00,0.064323091306908,0.0489515530307602,0.06874
2016-12-19 06:00:00,0.0827535703923322,0.0686772161451133,0.08826
2016-12-19 07:00:00,0.09207208659497,0.0820632212093332,0.10408
2016-12-19 08:00:00,0.0808772915325783,0.0821092429081862,0.08592
2016-12-19 09:00:00,0.0885734561612133,0.085504756412811,0.08084
2016-12-19 10:00:00,0.0580260404439,0.056282123781361,0.07066
2016-12-19 11:00:00,0.0498486504488167,0.0501440962851579,0.05898
2016-12-19 12:00:00,0.0487137810713109,0.0484112419131662,0.05414
2016-12-19 13:00:00,0.0495456940752809,0.0501468982229474,0.05804
2016-12-19 14:00:00,0.0456521840205654,0.0465328922792536,0.05188
2016-12-19 15:00:00,0.0386568978772192,0.0399248739101835,0.04192
2016-12-19 16:00:00,0.037115674687871,0.0367679225103354,0.03838
2016-12-19 17:00:00,0.0366394834721151,0.036120111197436,0.03992
2016-12-19 18:00:00,0.0296198504445798,0.028800508226546,0.0329
2016-12-19 19:00:00,0.0236945794506017,0.0240344661706609,0.02806
2016-12-19 20:00:00,0.0202944767830138,0.0206994039735275,0.02406
2016-12-19 21:00:00,0.0198882809381319,0.0203141336904311,0.02406
2016-12-19 22:00:00,0.0147824983341097,0.0147628222236518,0.01936
2016-12-19 23:00:00,0.00924549272090797,0.00936894313088478,0.01258
2016-12-20,0.00575894145092609,0.0058307463067666,0.0078
2016-12-20 01:00:00,0.00429362513171909,0.00404208960007872,0.0062
2016-12-20 02:00:00,0.00552418201246979,0.00476498161982505,0.00566
2016-12-20 03:00:00,0.0113081001290669,0.0109702243896145,0.0098
2016-12-20 04:00:00,0.0303638846806763,0.0302873185246619,0.02414
2016-12-20 05:00:00,0.0744860278498548,0.0559472912345794,0.06032
2016-12-20 06:00:00,0.0975560524470137,0.0810254277377716,0.07748
2016-12-20 07:00:00,0.119596097676952,0.0980281686156773,0.08734
2016-12-20 08:00:00,0.0823093030129369,0.0787015011671773,0.0761
2016-12-20 09:00:00,0.089228500123161,0.0863682510469735,0.0734
2016-12-20 10:00:00,0.0709712631671914,0.0709795647879463,0.06454
2016-12-20 11:00:00,0.0517954920132473,0.0521360341016965,0.05668
2016-12-20 12:00:00,0.0491225124124886,0.0487049542317994,0.05328
2016-12-20 13:00:00,0.0505966642011676,0.0502325637867778,0.05546
2016-12-20 14:00:00,0.0449502864106854,0.0457984169347385,0.05056
2016-12-20 15:00:00,0.037724929228113,0.0381454080536912,0.04198
2016-12-20 16:00:00,0.035155289278493,0.0353729973980253,0.03824
2016-12-20 17:00:00,0.0362769364333494,0.035862835566981,0.0386
2016-12-20 18:00:00,0.0298947089125721,0.0289264892680168,0.03372
2016-12-20 19:00:00,0.0235331909498872,0.023742151365689,0.0288
2016-12-20 20:00:00,0.0201781333878587,0.0203688030116125,0.02504
2016-12-20 21:00:00,0.0198532036746472,0.0200473247785234,0.02368
2016-12-20 22:00:00,0.0147259388555707,0.0147419924413572,0.01978
2016-12-20 23:00:00,0.00926167940112099,0.00940020066865219,0.01538
2016-12-21,0.00592565509594232,0.00600186365613356,0.00908
2016-12-21 01:00:00,0.00431071863261699,0.00403167275773425,0.0069
2016-12-21 02:00:00,0.00554167964471041,0.00480485001007666,0.00572
2016-12-21 03:00:00,0.0110608422434269,0.0107236554080637,0.00844
2016-12-21 04:00:00,0.0301537970222762,0.0300724738625564,0.01958
2016-12-21 05:00:00,0.0744394946871395,0.0561958566717962,0.04742
2016-12-21 06:00:00,0.096903735095125,0.0806085923920662,0.06102
2016-12-21 07:00:00,0.114233162146717,0.0969416134252245,0.07012
2016-12-21 08:00:00,0.0733115743061757,0.0768961542256622,0.06004
2016-12-21 09:00:00,0.101182659528384,0.0975588321804376,0.0601
2016-12-21 10:00:00,0.0694696140173083,0.0622479798747832,0.05468
2016-12-21 11:00:00,0.052387955984166,0.0527171630333905,0.05018
2016-12-21 12:00:00,0.0505539861235518,0.0499970931136449,0.04842
2016-12-21 13:00:00,0.0514133482984421,0.0513919935818352,0.04974
2016-12-21 14:00:00,0.0455198082536217,0.0466397087638121,0.04658
2016-12-21 15:00:00,0.0387418379518279,0.0391729455519925,0.0396
2016-12-21 16:00:00,0.0356364453286985,0.0359625919541628,0.03636
2016-12-21 17:00:00,0.03689433968993,0.0364469656494841,0.03724
2016-12-21 18:00:00,0.030936516487231,0.0298179975727419,0.03262
2016-12-21 19:00:00,0.0242021030912391,0.024430902812757,0.02802
2016-12-21 20:00:00,0.0216435537750561,0.0213588340484977,0.02486
2016-12-21 21:00:00,0.0207093687162408,0.0210638486682734,0.0237
2016-12-21 22:00:00,0.015365055085662,0.01533746265305,0.02004
2016-12-21 23:00:00,0.0095690428645652,0.00968036894891166,0.01474
2016-12-22,0.00587356659528831,0.0059715412513651,0.00908
2016-12-22 01:00:00,0.0044423632394693,0.00415148321844673,0.0069
2016-12-22 02:00:00,0.00557252426000884,0.00479983135712414,0.00572
2016-12-22 03:00:00,0.0115082293799504,0.0111440298764917,0.00844
2016-12-22 04:00:00,0.0293952704797366,0.0295433431816021,0.01958
2016-12-22 05:00:00,0.0679683446477633,0.0518556356322193,0.04742
2016-12-22 06:00:00,0.0879813953427791,0.0733568139355049,0.06102
2016-12-22 07:00:00,0.0924977989808794,0.0836398710636269,0.07012
2016-12-22 08:00:00,0.0769549290689659,0.0887003262968546,0.06004
2016-12-22 09:00:00,0.0969479344606277,0.0938225296983457,0.0601
2016-12-22 10:00:00,0.0624343881050259,0.0608332877359245,0.05468
2016-12-22 11:00:00,0.0530454004353574,0.05341223860207,0.05018
2016-12-22 12:00:00,0.0504568503912162,0.0501111333069435,0.04842
2016-12-22 13:00:00,0.0532807990062392,0.0532016521127236,0.04974
2016-12-22 14:00:00,0.0472315301356882,0.0486538863456656,0.04658
2016-12-22 15:00:00,0.0385500790653009,0.0391878542054699,0.0396
2016-12-22 16:00:00,0.0365163656003966,0.0368144170856576,0.03636
2016-12-22 17:00:00,0.0362664918212982,0.0357956951904624,0.03724
2016-12-22 18:00:00,0.0303038402943847,0.029329846018352,0.03262
2016-12-22 19:00:00,0.0236759352313907,0.0239963646909584,0.02802
2016-12-22 20:00:00,0.0225743800387619,0.0221098403155837,0.02486
2016-12-22 21:00:00,0.0217564589082452,0.0218366116396417,0.0237
2016-12-22 22:00:00,0.0162772734936944,0.0161430666413657,0.02004
2016-12-22 23:00:00,0.0104164373472835,0.010540632358325,0.01474
2016-12-23,0.00644039585433442,0.00653093840648437,0.0093
2016-12-23 01:00:00,0.00494408124818114,0.00458644290850037,0.0068
2016-12-23 02:00:00,0.0063519370532263,0.00540402044805648,0.00538
2016-12-23 03:00:00,0.0118289870094051,0.0114531846570064,0.00734
2016-12-23 04:00:00,0.028627838868915,0.0288684015609841,0.01592
2016-12-23 05:00:00,0.0669139124675426,0.0513965919146015,0.03584
2016-12-23 06:00:00,0.0802605287621431,0.0668292882504899,0.04592
2016-12-23 07:00:00,0.079082585300288,0.0716422022661523,0.04742
2016-12-23 08:00:00,0.0724160794613519,0.0747733069221516,0.0494
2016-12-23 09:00:00,0.0783920393448035,0.0759063189046369,0.05106
2016-12-23 10:00:00,0.0598788258347015,0.0589035036499931,0.04932
2016-12-23 11:00:00,0.0561400202974737,0.0565549615561635,0.04744
2016-12-23 12:00:00,0.0536183726435726,0.053127345574679,0.04588
2016-12-23 13:00:00,0.0564806574492823,0.0564215251640291,0.04676
2016-12-23 14:00:00,0.0482407469240059,0.0498202479316724,0.04544
2016-12-23 15:00:00,0.0413917480431173,0.0415189812393906,0.0407
2016-12-23 16:00:00,0.0387064871162774,0.0391893200450772,0.0382
2016-12-23 17:00:00,0.0410978508973212,0.0404828641022924,0.03818
2016-12-23 18:00:00,0.0372464679024896,0.0356110727752518,0.03372
2016-12-23 19:00:00,0.0316861528474868,0.0318800212474834,0.02932
2016-12-23 20:00:00,0.026600985174278,0.0267973391054459,0.0262
2016-12-23 21:00:00,0.0253850347688949,0.0253567755577916,0.02504
2016-12-23 22:00:00,0.0214880135294546,0.0212667727645717,0.02146
2016-12-23 23:00:00,0.0139044749910261,0.0141105792006483,0.01532
2016-12-24,0.0173529262012838,0.0174559000524093,0.00986
2016-12-24 01:00:00,0.0117566137540751,0.00993189012987478,0.00696
2016-12-24 02:00:00,0.00604751569033714,0.00512950558961119,0.00536
2016-12-24 03:00:00,0.00604510491016315,0.00593689543471289,0.00628
2016-12-24 04:00:00,0.00802900794544822,0.00817959608923781,0.01162
2016-12-24 05:00:00,0.015165990390694,0.0129747370981842,0.0238
2016-12-24 06:00:00,0.0122287824160021,0.00976613259746844,0.03092
2016-12-24 07:00:00,0.0161760293514789,0.0147181759296336,0.03332
2016-12-24 08:00:00,0.0217294779783217,0.0237743065475255,0.03562
2016-12-24 09:00:00,0.0281404888707543,0.0274636958190716,0.04024
2016-12-24 10:00:00,0.032214950088267,0.0334658162255438,0.04146
2016-12-24 11:00:00,0.0387282223356955,0.0407464129136676,0.04306
2016-12-24 12:00:00,0.044352144231706,0.0444483547633273,0.04302
2016-12-24 13:00:00,0.0364331184908416,0.0381000435919073,0.04402
2016-12-24 14:00:00,0.0441627889562946,0.0461508905137322,0.0444
2016-12-24 15:00:00,0.0449831135095933,0.04911944270353,0.0408
2016-12-24 16:00:00,0.0422281337475086,0.0446591752385789,0.03962
2016-12-24 17:00:00,0.0421567443448445,0.0418272588887118,0.03954
2016-12-24 18:00:00,0.0408075105536279,0.0399502012789218,0.03462
2016-12-24 19:00:00,0.0303976216754078,0.0311997392301864,0.03058
2016-12-24 20:00:00,0.0253388590808414,0.0265828887482955,0.02756
2016-12-24 21:00:00,0.0244549120266989,0.0257234164206557,0.02568
2016-12-24 22:00:00,0.0272705162524608,0.027236865676445,0.0219
2016-12-24 23:00:00,0.0208325711587717,0.0203894040649301,0.01586
2016-12-25,0.0302532519277138,0.0259765945722033,0.00986
2016-12-25 01:00:00,0.0163104856286132,0.0114443845763769,0.00696
2016-12-25 02:00:00,0.00492881113800086,0.00429570848519122,0.00536
2016-12-25 03:00:00,0.0022667087544517,0.0022437100133614,0.00628
2016-12-25 04:00:00,0.00142562605887822,0.0014634184033767,0.01162
2016-12-25 05:00:00,0.00303665608194749,0.0028080094454654,0.0238
2016-12-25 06:00:00,0.00106695214631274,0.000893811584705618,0.03092
2016-12-25 07:00:00,0.00255124055689347,0.00246433592268558,0.03332
2016-12-25 08:00:00,0.00591405744147241,0.00623576067262278,0.03562
2016-12-25 09:00:00,0.0110364469414822,0.0109607060275754,0.04024
2016-12-25 10:00:00,0.015496892738021,0.0153545250062775,0.04146
2016-12-25 11:00:00,-0.0227499666209351,-0.0224612074427254,0.04306
2016-12-25 12:00:00,0.0105357930138483,-0.00549748859878608,0.04302
2016-12-25 13:00:00,-0.00954542779257219,-0.0139913393824761,0.04402
2016-12-25 14:00:00,0.0309505351542398,0.0310951394204665,0.0444
2016-12-25 15:00:00,0.034800089707385,0.0332142108453155,0.0408
2016-12-25 16:00:00,0.0372327331654988,0.0366054825026423,0.03962
2016-12-25 17:00:00,0.0419213602173771,0.0406397408255102,0.03954
2016-12-25 18:00:00,0.0347217102157085,0.0334122019667901,0.03462
2016-12-25 19:00:00,0.0282293169294186,0.0287098184094344,0.03058
2016-12-25 20:00:00,0.0276601098548823,0.0288347669190192,0.02756
2016-12-25 21:00:00,0.0253893547864458,0.0253466060915553,0.02568
2016-12-25 22:00:00,0.0189438057138659,0.0184876770942145,0.0219
2016-12-25 23:00:00,0.00973931427913419,0.00939622922591134,0.01586
2016-12-26,0.00707825964765015,0.00658966702489108,0.0096
2016-12-26 01:00:00,0.0044986522503669,0.00392554604427106,0.00692
2016-12-26 02:00:00,0.00383244434478855,0.0034174695257755,0.0061
2016-12-26 03:00:00,0.00678385609344223,0.00666305921802339,0.00774
2016-12-26 04:00:00,0.0189281722394567,0.0192819440597172,0.01638
2016-12-26 05:00:00,0.0304365513487161,0.0243041607943638,0.04012
2016-12-26 06:00:00,0.0538261680791789,0.0491132699725245,0.05092
2016-12-26 07:00:00,0.0506312185987899,0.0489047828953782,0.0502
2016-12-26 08:00:00,0.0458366283439708,0.0494896283824979,0.04918
2016-12-26 09:00:00,0.0591894691094194,0.0565311800948414,0.05028
2016-12-26 10:00:00,0.0453438243855248,0.0454080658949341,0.04812
2016-12-26 11:00:00,0.0408342020414535,0.039982193624832,0.05412
2016-12-26 12:00:00,0.0364811980197659,0.0343439450731919,0.0529
2016-12-26 13:00:00,0.037610904296823,0.0384374437169246,0.05216
2016-12-26 14:00:00,0.0399896581654456,0.0415776163763686,0.04934
2016-12-26 15:00:00,0.0355072366486326,0.0381715862992749,0.04404
2016-12-26 16:00:00,0.0340922370861141,0.0348240212778692,0.0402
2016-12-26 17:00:00,0.0293236602427479,0.0286771170261469,0.03992
2016-12-26 18:00:00,0.0239784574485132,0.023532599354045,0.03578
2016-12-26 19:00:00,0.0221763416489699,0.0222017519919524,0.0303
2016-12-26 20:00:00,0.0210922973066579,0.0217289555528216,0.02584
2016-12-26 21:00:00,0.0204601759201842,0.0210923491795405,0.02368
2016-12-26 22:00:00,0.0135355644314665,0.0130940287506145,0.01944
2016-12-26 23:00:00,0.00770289144621647,0.0074756690849422,0.01374
2016-12-27,0.00575053140800888,0.00576404603666871,0.00928
2016-12-27 01:00:00,0.0042842859136169,0.00394657166137358,0.00644
2016-12-27 02:00:00,0.00552579718685837,0.00469889004764966,0.00598
2016-12-27 03:00:00,0.0113033319718907,0.0109562361032798,0.00786
2016-12-27 04:00:00,0.0303662112189042,0.0309919108227869,0.01672
2016-12-27 05:00:00,0.0745227849830989,0.0575644538887607,0.04146
2016-12-27 06:00:00,0.0976485077859071,0.0819221284485887,0.0529
2016-12-27 07:00:00,0.118907354570921,0.0986488564492872,0.05196
2016-12-27 08:00:00,0.0819576609364639,0.0794272717351218,0.05048
2016-12-27 09:00:00,0.0892555258595425,0.0861524780107823,0.0511
2016-12-27 10:00:00,0.0707520566306331,0.0713277603044527,0.04876
2016-12-27 11:00:00,0.0517993038593972,0.0522600143893517,0.04802
2016-12-27 12:00:00,0.0490914558226358,0.0488119591108453,0.0489
2016-12-27 13:00:00,0.050488588719862,0.0502182010730992,0.0478
2016-12-27 14:00:00,0.0448322105934983,0.0459211111081422,0.04534
2016-12-27 15:00:00,0.0375727753140087,0.03810473690333,0.0422
2016-12-27 16:00:00,0.0350977606197281,0.0353420977549251,0.03996
2016-12-27 17:00:00,0.0362791562970049,0.0358367407559218,0.03936
2016-12-27 18:00:00,0.0298549571171465,0.0289552394999261,0.03584
2016-12-27 19:00:00,0.0231075624492222,0.0236939362049542,0.03166
2016-12-27 20:00:00,0.0198550101733764,0.0203218325482595,0.0271
2016-12-27 21:00:00,0.0197384422178641,0.0199678736369423,0.02438
2016-12-27 22:00:00,0.0146825963407011,0.0146151211657085,0.01922
2016-12-27 23:00:00,0.00924001291409616,0.00926403150099308,0.01242
2016-12-28,0.00591675146121558,0.00592874590774188,0.0084
2016-12-28 01:00:00,0.00430130498487752,0.00393586771802916,0.00554
2016-12-28 02:00:00,0.00554243675897944,0.00473848453417502,0.00556
2016-12-28 03:00:00,0.0110569513737144,0.0107159783314544,0.00794
2016-12-28 04:00:00,0.0301583062937773,0.0307976568520243,0.0173
2016-12-28 05:00:00,0.0744762196944134,0.057873927037451,0.04286
2016-12-28 06:00:00,0.0969956211290916,0.081573475272413,0.0548
2016-12-28 07:00:00,0.113579635834223,0.0977147004701068,0.0544
2016-12-28 08:00:00,0.0730092159358764,0.0776466589773622,0.05376
2016-12-28 09:00:00,0.101214644273682,0.0973027108149897,0.05446
2016-12-28 10:00:00,0.0692560578424512,0.0625730875254425,0.05194
2016-12-28 11:00:00,0.0523917233439792,0.0528400383247394,0.0507
2016-12-28 12:00:00,0.0505238093923089,0.050110759813942,0.05032
2016-12-28 13:00:00,0.0513069934283802,0.0513840563173932,0.04918
2016-12-28 14:00:00,0.0454009694315384,0.0467598763708982,0.04758
2016-12-28 15:00:00,0.0385860054384948,0.0391366876469339,0.04494
2016-12-28 16:00:00,0.0355781994779166,0.0359295158218279,0.04304
2016-12-28 17:00:00,0.036896556072439,0.0364171382842414,0.04174
2016-12-28 18:00:00,0.0308954604378691,0.0298537923726383,0.0369
2016-12-28 19:00:00,0.0237749273340426,0.0243985407949619,0.03272
2016-12-28 20:00:00,0.0213121386818297,0.0213207377451304,0.02774
2016-12-28 21:00:00,0.0205858035049142,0.0209766850346646,0.02502
2016-12-28 22:00:00,0.0153193430618137,0.0152007664741867,0.01942
2016-12-28 23:00:00,0.00954599061151437,0.00953134592236152,0.0126
2016-12-29,0.0058648186796898,0.005896738066292,0.00856
2016-12-29 01:00:00,0.00443236652681747,0.00404920645786208,0.0057
2016-12-29 02:00:00,0.00557259371511458,0.00473446424898425,0.00578
2016-12-29 03:00:00,0.011504776844886,0.0111422085821477,0.00796
2016-12-29 04:00:00,0.0294013692347609,0.0302802919021702,0.01702
2016-12-29 05:00:00,0.068000674132049,0.0533983589863678,0.0424
2016-12-29 06:00:00,0.0880654652631016,0.0743073615943181,0.05402
2016-12-29 07:00:00,0.0919844634472657,0.0844275687016915,0.0535
2016-12-29 08:00:00,0.0766328242601285,0.0896606787691619,0.0525
2016-12-29 09:00:00,0.0969781384860101,0.093578049643598,0.05436
2016-12-29 10:00:00,0.0622469373900463,0.0611769120445373,0.05152
2016-12-29 11:00:00,0.0530491210467672,0.0535336792693179,0.05024
2016-12-29 12:00:00,0.0504266155362328,0.0502339278345642,0.05066
2016-12-29 13:00:00,0.0531781790655661,0.0531999021255946,0.04986
2016-12-29 14:00:00,0.0471104257282337,0.0487727504267929,0.04744
2016-12-29 15:00:00,0.0383949394664535,0.039157033755566,0.04442
2016-12-29 16:00:00,0.0364568103840029,0.0367788930343167,0.0425
2016-12-29 17:00:00,0.0362687117423768,0.0357619607711875,0.0418
2016-12-29 18:00:00,0.0302635759942784,0.0293710881226691,0.03706
2016-12-29 19:00:00,0.0232499733408474,0.0239799522033832,0.0328
2016-12-29 20:00:00,0.0222378837554443,0.0220809996201943,0.02804
2016-12-29 21:00:00,0.0216217506145754,0.0217432547930061,0.02428
2016-12-29 22:00:00,0.0162281362689051,0.0159937610511216,0.01886
2016-12-29 23:00:00,0.0103893354113816,0.0103596238545514,0.01268
2016-12-30,0.0064298795810902,0.00643871984503237,0.00856
2016-12-30 01:00:00,0.004931702186424,0.00446107177053411,0.0057
2016-12-30 02:00:00,0.00635131019087428,0.00532243244312285,0.00578
2016-12-30 03:00:00,0.0118259546408546,0.0114577935683584,0.00796
2016-12-30 04:00:00,0.0286350961266749,0.0296119586047667,0.01702
2016-12-30 05:00:00,0.066945541132972,0.0529630609025903,0.0424
2016-12-30 06:00:00,0.080337784144141,0.0677615392131979,0.05402
2016-12-30 07:00:00,0.0786534943641544,0.072414257456792,0.0535
2016-12-30 08:00:00,0.0721185295732027,0.0755859480695994,0.0525
2016-12-30 09:00:00,0.0784147607582937,0.0757216371710605,0.05436
2016-12-30 10:00:00,0.05970070170144,0.0592600897638498,0.05152
2016-12-30 11:00:00,0.0561435361302753,0.0566697353411298,0.05024
2016-12-30 12:00:00,0.0535899213840357,0.0532520207627617,0.05066
2016-12-30 13:00:00,0.0563838615588861,0.0564254758689679,0.04986
2016-12-30 14:00:00,0.04811832552572,0.0499364171493159,0.04744
2016-12-30 15:00:00,0.0412263751353799,0.0414923121130866,0.04442
2016-12-30 16:00:00,0.0386436848603702,0.0391498916526054,0.0425
2016-12-30 17:00:00,0.0411000451596851,0.040445628670495,0.0418
2016-12-30 18:00:00,0.0371975634039071,0.0356676491392484,0.03706
2016-12-30 19:00:00,0.0312438273617392,0.0318793254746871,0.0328
2016-12-30 20:00:00,0.0262439346454979,0.026776778871061,0.02804
2016-12-30 21:00:00,0.0252085780782165,0.0252348743575419,0.02428
2016-12-30 22:00:00,0.0214184282373659,0.0210509796503476,0.01886
2016-12-30 23:00:00,0.0138574341658294,0.0137860065666934,0.01268
2016-12-31,0.012396532064548,0.013539935529718,0.00812
2016-12-31 01:00:00,0.00820950782629272,0.00666212724590993,0.00532
2016-12-31 02:00:00,0.00552463632120834,0.00483144060306741,0.00518
2016-12-31 03:00:00,0.00696342996887173,0.00681493734139237,0.00694
2016-12-31 04:00:00,0.00933105717514266,0.010071867860063,0.01418
2016-12-31 05:00:00,0.0155689445648974,0.0152322542799266,0.03386
2016-12-31 06:00:00,0.0174791032648136,0.0132385224998069,0.04328
2016-12-31 07:00:00,0.0196090071927454,0.017138379239706,0.04444
2016-12-31 08:00:00,0.0246268122699626,0.026658979149847,0.04568
2016-12-31 09:00:00,0.030439948337841,0.0294367423554323,0.0488
2016-12-31 10:00:00,0.0352628919043913,0.0357066084424642,0.04756
2016-12-31 11:00:00,0.0432363181607961,0.0442226126279635,0.04792
2016-12-31 12:00:00,0.0506511277677948,0.049679372107105,0.04714
2016-12-31 13:00:00,0.0415908643066722,0.0403976976926693,0.04732
2016-12-31 14:00:00,0.0431129470950745,0.0448138553354456,0.04664
2016-12-31 15:00:00,0.046883762391468,0.0513653450299388,0.04482
2016-12-31 16:00:00,0.0504595635328658,0.0549357526170287,0.04388
2016-12-31 17:00:00,0.0470306384396279,0.0470684786596002,0.04284
2016-12-31 18:00:00,0.0474905534328848,0.047085228655076,0.0374
2016-12-31 19:00:00,0.0367824796211061,0.0380078561016532,0.03318
2016-12-31 20:00:00,0.0316682595733752,0.033224465736436,0.02908
2016-12-31 21:00:00,0.0286998725289976,0.0311275940491628,0.02574
2016-12-31 22:00:00,0.0283466224261023,0.0275804179222022,0.0202
2016-12-31 23:00:00,0.0188332768521708,0.0171969339899251,0.0134
